{"stats":{"minecraft:mined":{"minecraft:white_bed":1,"minecraft:dandelion":1,"minecraft:short_grass":6,"minecraft:blast_furnace":1,"minecraft:grass_block":2,"minecraft:composter":2,"minecraft:hay_block":59,"minecraft:birch_log":1,"minecraft:iron_ore":7,"minecraft:birch_leaves":2,"minecraft:coal_ore":113,"minecraft:oak_log":20,"minecraft:gravel":3,"minecraft:stone":19,"minecraft:oak_leaves":3},"minecraft:killed_by":{"minecraft:skeleton":1,"minecraft:creeper":1,"minecraft:spider":1,"minecraft:zombie":1},"minecraft:used":{"minecraft:stone_pickaxe":124,"minecraft:shield":2,"minecraft:wooden_pickaxe":9,"minecraft:composter":3,"minecraft:rotten_flesh":5,"minecraft:torch":15,"minecraft:dirt":2,"minecraft:crafting_table":4,"minecraft:blast_furnace":1,"minecraft:white_bed":1,"minecraft:bread":7,"minecraft:iron_pickaxe":11,"minecraft:gravel":3,"minecraft:stone_axe":26,"minecraft:cobblestone":3,"minecraft:egg":2},"minecraft:custom":{"minecraft:mob_kills":9,"minecraft:traded_with_villager":32,"minecraft:interact_with_crafting_table":9,"minecraft:interact_with_stonecutter":1,"minecraft:time_since_death":5825,"minecraft:sleep_in_bed":4,"minecraft:time_since_rest":5881,"minecraft:sprint_one_cm":186432,"minecraft:damage_taken":1470,"minecraft:walk_one_cm":133754,"minecraft:damage_blocked_by_shield":120,"minecraft:drop":18,"minecraft:damage_dealt":1103,"minecraft:talked_to_villager":18,"minecraft:swim_one_cm":23574,"minecraft:fly_one_cm":220406,"minecraft:open_chest":3,"minecraft:crouch_one_cm":1010,"minecraft:play_time":51640,"minecraft:deaths":5,"minecraft:sneak_time":381,"minecraft:walk_under_water_one_cm":9575,"minecraft:boat_one_cm":9397,"minecraft:jump":1029,"minecraft:interact_with_blast_furnace":7,"minecraft:walk_on_water_one_cm":44141,"minecraft:total_world_time":51640,"minecraft:fall_one_cm":26581},"minecraft:dropped":{"minecraft:wheat_seeds":2,"minecraft:wheat":11,"minecraft:oak_planks":2,"minecraft:spider_eye":1,"minecraft:stone_pickaxe":1,"minecraft:iron_pickaxe":1},"minecraft:crafted":{"minecraft:oak_planks":80,"minecraft:oak_slab":12,"minecraft:emerald":31,"minecraft:crafting_table":4,"minecraft:wooden_pickaxe":1,"minecraft:birch_planks":4,"minecraft:stone_axe":1,"minecraft:bread":3,"minecraft:air":0,"minecraft:shield":1,"minecraft:stick":16,"minecraft:iron_ingot":4,"minecraft:iron_pickaxe":1,"minecraft:stone_pickaxe":1,"minecraft:iron_leggings":1,"minecraft:white_bed":1,"minecraft:composter":1,"minecraft:torch":32,"minecraft:wheat":531},"minecraft:picked_up":{"minecraft:birch_log":1,"minecraft:crafting_table":2,"minecraft:wheat":33,"minecraft:wooden_pickaxe":2,"minecraft:oak_log":20,"minecraft:shield":2,"minecraft:gunpowder":1,"minecraft:string":4,"minecraft:dirt":12,"minecraft:iron_leggings":1,"minecraft:wheat_seeds":6,"minecraft:stone_pickaxe":3,"minecraft:iron_pickaxe":3,"minecraft:oak_planks":65,"minecraft:egg":5,"minecraft:oak_slab":10,"minecraft:stick":2,"minecraft:raw_iron":13,"minecraft:composter":2,"minecraft:torch":8,"minecraft:dandelion":3,"minecraft:gravel":3,"minecraft:blast_furnace":1,"minecraft:white_bed":3,"minecraft:spider_eye":2,"minecraft:rotten_flesh":12,"minecraft:stone_axe":2,"minecraft:hay_block":59,"minecraft:emerald":48,"minecraft:mutton":15,"minecraft:coal":172,"minecraft:cobblestone":44,"minecraft:white_wool":3},"minecraft:killed":{"minecraft:spider":3,"minecraft:sheep":3,"minecraft:zombie":2}},"DataVersion":3953}