{"stats":{"minecraft:mined":{"minecraft:white_bed":2,"minecraft:dandelion":1,"minecraft:short_grass":6,"minecraft:blast_furnace":1,"minecraft:grass_block":6,"minecraft:composter":2,"minecraft:hay_block":59,"minecraft:birch_log":1,"minecraft:iron_ore":33,"minecraft:andesite":3,"minecraft:birch_leaves":2,"minecraft:oak_log":20,"minecraft:coal_ore":129,"minecraft:gravel":3,"minecraft:dirt":2,"minecraft:stone":40,"minecraft:oak_leaves":3},"minecraft:killed_by":{"minecraft:skeleton":1,"minecraft:creeper":1,"minecraft:spider":1,"minecraft:zombie":1},"minecraft:used":{"minecraft:stone_pickaxe":125,"minecraft:wooden_pickaxe":9,"minecraft:shield":5,"minecraft:composter":3,"minecraft:rotten_flesh":5,"minecraft:torch":38,"minecraft:dirt":25,"minecraft:crafting_table":5,"minecraft:blast_furnace":1,"minecraft:white_bed":2,"minecraft:bread":7,"minecraft:iron_pickaxe":77,"minecraft:gravel":3,"minecraft:stone_axe":26,"minecraft:cobblestone":3,"minecraft:beef":8,"minecraft:furnace":1,"minecraft:andesite":1,"minecraft:egg":2},"minecraft:custom":{"minecraft:interact_with_furnace":3,"minecraft:mob_kills":10,"minecraft:traded_with_villager":32,"minecraft:interact_with_crafting_table":12,"minecraft:interact_with_stonecutter":1,"minecraft:time_since_death":22888,"minecraft:sleep_in_bed":5,"minecraft:time_since_rest":9622,"minecraft:sprint_one_cm":281033,"minecraft:damage_taken":1530,"minecraft:walk_one_cm":185556,"minecraft:damage_blocked_by_shield":265,"minecraft:drop":25,"minecraft:damage_dealt":1129,"minecraft:swim_one_cm":23574,"minecraft:talked_to_villager":18,"minecraft:fly_one_cm":286518,"minecraft:open_chest":3,"minecraft:play_time":68703,"minecraft:crouch_one_cm":2106,"minecraft:deaths":5,"minecraft:sneak_time":866,"minecraft:walk_under_water_one_cm":11144,"minecraft:boat_one_cm":9397,"minecraft:jump":1443,"minecraft:interact_with_blast_furnace":8,"minecraft:walk_on_water_one_cm":48699,"minecraft:total_world_time":68703,"minecraft:fall_one_cm":33656},"minecraft:crafted":{"minecraft:oak_slab":12,"minecraft:oak_planks":80,"minecraft:emerald":31,"minecraft:crafting_table":5,"minecraft:wooden_pickaxe":1,"minecraft:furnace":1,"minecraft:birch_planks":4,"minecraft:stone_axe":1,"minecraft:bread":3,"minecraft:air":0,"minecraft:shield":1,"minecraft:stick":16,"minecraft:iron_ingot":22,"minecraft:iron_pickaxe":1,"minecraft:stone_pickaxe":1,"minecraft:iron_leggings":1,"minecraft:white_bed":1,"minecraft:composter":1,"minecraft:torch":32,"minecraft:wheat":531},"minecraft:dropped":{"minecraft:oak_slab":5,"minecraft:wheat_seeds":5,"minecraft:wheat":11,"minecraft:feather":3,"minecraft:oak_planks":2,"minecraft:spider_eye":1,"minecraft:arrow":1,"minecraft:stone_pickaxe":1,"minecraft:iron_pickaxe":1,"minecraft:egg":1,"minecraft:dandelion":1,"minecraft:bone":1},"minecraft:picked_up":{"minecraft:wooden_axe":1,"minecraft:birch_log":1,"minecraft:crafting_table":3,"minecraft:wheat":33,"minecraft:feather":3,"minecraft:chicken":3,"minecraft:andesite":2,"minecraft:leather":3,"minecraft:wooden_pickaxe":3,"minecraft:potato":5,"minecraft:oak_log":20,"minecraft:shield":2,"minecraft:gunpowder":1,"minecraft:dirt":36,"minecraft:string":4,"minecraft:iron_leggings":1,"minecraft:bone":1,"minecraft:wheat_seeds":7,"minecraft:beef":12,"minecraft:stone_pickaxe":4,"minecraft:iron_pickaxe":3,"minecraft:oak_planks":128,"minecraft:furnace":1,"minecraft:egg":5,"minecraft:book":1,"minecraft:oak_slab":15,"minecraft:stick":2,"minecraft:raw_iron":39,"minecraft:composter":2,"minecraft:torch":16,"minecraft:dandelion":4,"minecraft:gravel":3,"minecraft:blast_furnace":1,"minecraft:white_bed":4,"minecraft:spider_eye":2,"minecraft:stone_sword":1,"minecraft:arrow":1,"minecraft:rotten_flesh":12,"minecraft:stone_axe":3,"minecraft:hay_block":59,"minecraft:emerald":48,"minecraft:mutton":19,"minecraft:coal":235,"minecraft:white_wool":6,"minecraft:cobblestone":91},"minecraft:killed":{"minecraft:spider":3,"minecraft:skeleton":1,"minecraft:sheep":3,"minecraft:zombie":2}},"DataVersion":3953}