{"stats":{"minecraft:mined":{"minecraft:white_bed":4,"minecraft:dandelion":1,"minecraft:short_grass":61,"minecraft:blast_furnace":1,"minecraft:grass_block":10,"minecraft:stone_slab":1,"minecraft:sugar_cane":8,"minecraft:grindstone":1,"minecraft:oak_planks":1,"minecraft:composter":2,"minecraft:smooth_stone":3,"minecraft:hay_block":59,"minecraft:birch_log":8,"minecraft:iron_ore":33,"minecraft:andesite":3,"minecraft:birch_leaves":2,"minecraft:dirt_path":4,"minecraft:oak_log":26,"minecraft:coal_ore":129,"minecraft:gravel":17,"minecraft:dirt":9,"minecraft:stone":40,"minecraft:oak_leaves":3},"minecraft:killed_by":{"minecraft:skeleton":1,"minecraft:creeper":1,"minecraft:spider":1,"minecraft:zombie":1},"minecraft:used":{"minecraft:stone_pickaxe":125,"minecraft:wooden_pickaxe":9,"minecraft:shield":5,"minecraft:composter":3,"minecraft:fletching_table":1,"minecraft:sugar_cane":15,"minecraft:rotten_flesh":5,"minecraft:torch":39,"minecraft:dirt":38,"minecraft:crafting_table":5,"minecraft:blast_furnace":1,"minecraft:white_bed":5,"minecraft:iron_axe":13,"minecraft:bread":7,"minecraft:iron_pickaxe":82,"minecraft:stone_slab":1,"minecraft:gravel":3,"minecraft:stone_axe":26,"minecraft:cobblestone":3,"minecraft:beef":8,"minecraft:grindstone":2,"minecraft:furnace":1,"minecraft:andesite":1,"minecraft:egg":2,"minecraft:cooked_beef":3},"minecraft:custom":{"minecraft:interact_with_furnace":10,"minecraft:mob_kills":10,"minecraft:traded_with_villager":58,"minecraft:interact_with_crafting_table":22,"minecraft:interact_with_stonecutter":2,"minecraft:time_since_death":46888,"minecraft:sleep_in_bed":7,"minecraft:time_since_rest":8869,"minecraft:sprint_one_cm":341881,"minecraft:damage_taken":1570,"minecraft:walk_one_cm":257652,"minecraft:damage_blocked_by_shield":265,"minecraft:drop":29,"minecraft:damage_dealt":1139,"minecraft:swim_one_cm":29100,"minecraft:talked_to_villager":34,"minecraft:fly_one_cm":433750,"minecraft:open_chest":21,"minecraft:play_time":92703,"minecraft:crouch_one_cm":2206,"minecraft:deaths":5,"minecraft:sneak_time":904,"minecraft:walk_under_water_one_cm":11231,"minecraft:boat_one_cm":9397,"minecraft:jump":1958,"minecraft:interact_with_blast_furnace":16,"minecraft:walk_on_water_one_cm":57699,"minecraft:total_world_time":92703,"minecraft:fall_one_cm":45022},"minecraft:dropped":{"minecraft:iron_sword":1,"minecraft:oak_slab":5,"minecraft:wheat_seeds":6,"minecraft:wheat":11,"minecraft:feather":3,"minecraft:oak_planks":2,"minecraft:diamond_boots":1,"minecraft:spider_eye":1,"minecraft:iron_axe":1,"minecraft:arrow":1,"minecraft:stone_pickaxe":1,"minecraft:iron_pickaxe":1,"minecraft:egg":1,"minecraft:dandelion":1,"minecraft:bone":1},"minecraft:crafted":{"minecraft:cooked_beef":5,"minecraft:grindstone":1,"minecraft:oak_slab":12,"minecraft:oak_planks":80,"minecraft:chainmail_helmet":7,"minecraft:emerald":46,"minecraft:smooth_stone_slab":6,"minecraft:iron_nugget":7,"minecraft:crafting_table":5,"minecraft:wooden_pickaxe":1,"minecraft:iron_sword":1,"minecraft:furnace":1,"minecraft:fletching_table":1,"minecraft:stone":3,"minecraft:birch_planks":4,"minecraft:stone_axe":1,"minecraft:bread":3,"minecraft:air":0,"minecraft:shield":1,"minecraft:iron_axe":2,"minecraft:iron_hoe":1,"minecraft:stick":28,"minecraft:stone_slab":6,"minecraft:iron_ingot":33,"minecraft:iron_pickaxe":1,"minecraft:stone_pickaxe":1,"minecraft:diamond_boots":1,"minecraft:iron_leggings":1,"minecraft:white_bed":1,"minecraft:composter":1,"minecraft:torch":32,"minecraft:wheat":531},"minecraft:picked_up":{"minecraft:wooden_axe":1,"minecraft:birch_log":8,"minecraft:crafting_table":3,"minecraft:wheat":33,"minecraft:feather":3,"minecraft:chicken":3,"minecraft:andesite":2,"minecraft:leather":3,"minecraft:stone_slab":1,"minecraft:wooden_pickaxe":3,"minecraft:potato":5,"minecraft:flint":2,"minecraft:oak_log":26,"minecraft:shield":2,"minecraft:gunpowder":1,"minecraft:dirt":46,"minecraft:string":4,"minecraft:iron_leggings":1,"minecraft:bone":1,"minecraft:wheat_seeds":17,"minecraft:smooth_stone":3,"minecraft:grindstone":1,"minecraft:beef":12,"minecraft:stone_pickaxe":4,"minecraft:iron_pickaxe":3,"minecraft:sugar_cane":21,"minecraft:oak_planks":130,"minecraft:furnace":1,"minecraft:egg":6,"minecraft:book":1,"minecraft:oak_slab":15,"minecraft:stick":2,"minecraft:raw_iron":39,"minecraft:composter":2,"minecraft:torch":16,"minecraft:dandelion":4,"minecraft:gravel":15,"minecraft:blast_furnace":1,"minecraft:white_bed":6,"minecraft:spider_eye":2,"minecraft:stone_sword":1,"minecraft:arrow":1,"minecraft:rotten_flesh":12,"minecraft:stone_axe":3,"minecraft:hay_block":59,"minecraft:emerald":48,"minecraft:mutton":19,"minecraft:coal":235,"minecraft:white_wool":6,"minecraft:cobblestone":91},"minecraft:killed":{"minecraft:spider":3,"minecraft:skeleton":1,"minecraft:sheep":3,"minecraft:zombie":2}},"DataVersion":3953}