{"stats":{"minecraft:used":{"minecraft:stone_shovel":32,"minecraft:shield":5,"minecraft:rotten_flesh":5,"minecraft:torch":39,"minecraft:dirt":44,"minecraft:iron_hoe":81,"minecraft:iron_axe":169,"minecraft:birch_sapling":4,"minecraft:beef":8,"minecraft:oak_sapling":16,"minecraft:furnace":1,"minecraft:egg":2,"minecraft:cooked_beef":5,"minecraft:potato":15,"minecraft:wheat_seeds":18,"minecraft:water_bucket":1,"minecraft:stone_pickaxe":149,"minecraft:wooden_pickaxe":9,"minecraft:chainmail_helmet":1,"minecraft:composter":3,"minecraft:fletching_table":1,"minecraft:diamond_axe":86,"minecraft:sugar_cane":26,"minecraft:crafting_table":5,"minecraft:blast_furnace":1,"minecraft:white_bed":7,"minecraft:oak_log":1,"minecraft:apple":2,"minecraft:bread":7,"minecraft:iron_pickaxe":82,"minecraft:stone_slab":1,"minecraft:gravel":3,"minecraft:stone_axe":26,"minecraft:cobblestone":3,"minecraft:grindstone":2,"minecraft:andesite":1,"minecraft:bucket":1,"minecraft:pumpkin_pie":7},"minecraft:picked_up":{"minecraft:wooden_axe":1,"minecraft:iron_chestplate":1,"minecraft:crafting_table":3,"minecraft:wheat":33,"minecraft:chicken":3,"minecraft:stone_slab":1,"minecraft:wooden_pickaxe":3,"minecraft:shield":2,"minecraft:string":4,"minecraft:iron_axe":2,"minecraft:iron_leggings":1,"minecraft:cobbled_deepslate":46,"minecraft:smooth_stone":3,"minecraft:beef":12,"minecraft:iron_pickaxe":3,"minecraft:sugar_cane":58,"minecraft:birch_sapling":4,"minecraft:furnace":1,"minecraft:egg":8,"minecraft:stick":23,"minecraft:raw_iron":91,"minecraft:composter":2,"minecraft:torch":16,"minecraft:stone_sword":1,"minecraft:arrow":4,"minecraft:rotten_flesh":19,"minecraft:hay_block":59,"minecraft:mutton":19,"minecraft:cobblestone":103,"minecraft:white_wool":6,"minecraft:birch_log":44,"minecraft:feather":3,"minecraft:andesite":38,"minecraft:leather":3,"minecraft:potato":5,"minecraft:flint":2,"minecraft:tuff":18,"minecraft:oak_log":197,"minecraft:gunpowder":1,"minecraft:dirt":100,"minecraft:bone":1,"minecraft:apple":2,"minecraft:bow":9,"minecraft:wheat_seeds":29,"minecraft:iron_ingot":1,"minecraft:raw_gold":2,"minecraft:stone_pickaxe":4,"minecraft:grindstone":1,"minecraft:oak_planks":130,"minecraft:book":1,"minecraft:oak_slab":15,"minecraft:dandelion":4,"minecraft:gravel":25,"minecraft:blast_furnace":1,"minecraft:white_bed":7,"minecraft:spider_eye":2,"minecraft:stone_axe":3,"minecraft:granite":4,"minecraft:chainmail_helmet":1,"minecraft:emerald":50,"minecraft:oak_sapling":16,"minecraft:coal":235},"minecraft:mined":{"minecraft:tuff":3,"minecraft:white_bed":5,"minecraft:grass_block":33,"minecraft:composter":2,"minecraft:hay_block":59,"minecraft:smooth_stone":3,"minecraft:iron_ore":33,"minecraft:andesite":3,"minecraft:dirt_path":4,"minecraft:stone":53,"minecraft:dandelion":1,"minecraft:short_grass":100,"minecraft:blast_furnace":1,"minecraft:stone_slab":1,"minecraft:tall_grass":1,"minecraft:grindstone":1,"minecraft:sugar_cane":40,"minecraft:oak_planks":1,"minecraft:birch_log":44,"minecraft:birch_leaves":6,"minecraft:oak_log":197,"minecraft:coal_ore":129,"minecraft:gravel":17,"minecraft:dirt":10,"minecraft:oak_leaves":45,"minecraft:deepslate":7},"minecraft:crafted":{"minecraft:grindstone":1,"minecraft:oak_planks":784,"minecraft:chainmail_helmet":9,"minecraft:stone_shovel":1,"minecraft:smooth_stone_slab":6,"minecraft:iron_nugget":8,"minecraft:furnace":1,"minecraft:stone":3,"minecraft:bow":10,"minecraft:iron_axe":9,"minecraft:iron_hoe":1,"minecraft:stone_pickaxe":1,"minecraft:diamond_boots":1,"minecraft:wheat":531,"minecraft:cooked_beef":5,"minecraft:oak_slab":12,"minecraft:emerald":130,"minecraft:diamond_axe":1,"minecraft:crafting_table":5,"minecraft:wooden_pickaxe":1,"minecraft:iron_sword":1,"minecraft:fletching_table":1,"minecraft:bucket":1,"minecraft:birch_planks":176,"minecraft:stone_axe":1,"minecraft:bread":3,"minecraft:air":0,"minecraft:paper":30,"minecraft:shield":1,"minecraft:stick":1888,"minecraft:stone_slab":6,"minecraft:iron_ingot":110,"minecraft:iron_pickaxe":1,"minecraft:iron_leggings":2,"minecraft:white_bed":1,"minecraft:pumpkin_pie":24,"minecraft:composter":1,"minecraft:torch":32},"minecraft:killed":{"minecraft:spider":3,"minecraft:skeleton":1,"minecraft:sheep":3,"minecraft:zombie":2},"minecraft:killed_by":{"minecraft:creeper":1,"minecraft:spider":1,"minecraft:skeleton":1,"minecraft:zombie":1},"minecraft:dropped":{"minecraft:iron_sword":1,"minecraft:oak_slab":5,"minecraft:wheat_seeds":6,"minecraft:diamond_axe":1,"minecraft:feather":3,"minecraft:cobblestone":128,"minecraft:granite":4,"minecraft:chainmail_helmet":3,"minecraft:emerald":24,"minecraft:stick":18,"minecraft:dirt":56,"minecraft:torch":1,"minecraft:iron_leggings":1,"minecraft:pumpkin_pie":16,"minecraft:iron_axe":3,"minecraft:iron_pickaxe":2,"minecraft:dandelion":1,"minecraft:bone":1,"minecraft:gravel":22,"minecraft:iron_nugget":1,"minecraft:cobbled_deepslate":46,"minecraft:tuff":18,"minecraft:wheat":11,"minecraft:oak_planks":2,"minecraft:shield":1,"minecraft:iron_chestplate":1,"minecraft:andesite":36,"minecraft:spider_eye":1,"minecraft:diamond_boots":1,"minecraft:bow":19,"minecraft:arrow":4,"minecraft:stone_pickaxe":1,"minecraft:raw_gold":2,"minecraft:egg":1},"minecraft:custom":{"minecraft:mob_kills":10,"minecraft:interact_with_crafting_table":32,"minecraft:time_since_death":94859,"minecraft:sprint_one_cm":491513,"minecraft:walk_one_cm":401588,"minecraft:damage_blocked_by_shield":265,"minecraft:drop":73,"minecraft:talked_to_villager":79,"minecraft:play_time":140674,"minecraft:deaths":5,"minecraft:sneak_time":941,"minecraft:walk_under_water_one_cm":11623,"minecraft:boat_one_cm":9397,"minecraft:jump":3167,"minecraft:interact_with_blast_furnace":26,"minecraft:walk_on_water_one_cm":59777,"minecraft:total_world_time":140674,"minecraft:interact_with_furnace":13,"minecraft:traded_with_villager":169,"minecraft:interact_with_stonecutter":2,"minecraft:sleep_in_bed":12,"minecraft:time_since_rest":5720,"minecraft:damage_taken":1782,"minecraft:damage_dealt":1326,"minecraft:fly_one_cm":720565,"minecraft:swim_one_cm":29100,"minecraft:open_chest":25,"minecraft:crouch_one_cm":2262,"minecraft:fall_one_cm":74729},"minecraft:broken":{"minecraft:stone_pickaxe":1}},"DataVersion":3953}