{"stats":{"minecraft:mined":{"minecraft:hay_block":59,"minecraft:white_bed":1,"minecraft:birch_log":1,"minecraft:iron_ore":4,"minecraft:birch_leaves":2,"minecraft:dandelion":1,"minecraft:short_grass":6,"minecraft:blast_furnace":1,"minecraft:oak_log":20,"minecraft:grass_block":2,"minecraft:coal_ore":110,"minecraft:stone":18,"minecraft:composter":2,"minecraft:oak_leaves":3},"minecraft:killed_by":{"minecraft:spider":1,"minecraft:zombie":1},"minecraft:used":{"minecraft:stone_pickaxe":124,"minecraft:bread":4,"minecraft:wooden_pickaxe":9,"minecraft:composter":3,"minecraft:rotten_flesh":3,"minecraft:stone_axe":25,"minecraft:dirt":2,"minecraft:cobblestone":3,"minecraft:crafting_table":3,"minecraft:blast_furnace":1,"minecraft:white_bed":1,"minecraft:egg":1},"minecraft:custom":{"minecraft:time_since_rest":7503,"minecraft:sprint_one_cm":140192,"minecraft:damage_taken":835,"minecraft:walk_one_cm":98020,"minecraft:mob_kills":8,"minecraft:drop":1,"minecraft:damage_dealt":917,"minecraft:traded_with_villager":32,"minecraft:interact_with_crafting_table":5,"minecraft:swim_one_cm":20813,"minecraft:fly_one_cm":156267,"minecraft:talked_to_villager":18,"minecraft:play_time":39640,"minecraft:open_chest":1,"minecraft:crouch_one_cm":582,"minecraft:deaths":3,"minecraft:sneak_time":241,"minecraft:walk_under_water_one_cm":9135,"minecraft:jump":696,"minecraft:interact_with_stonecutter":1,"minecraft:interact_with_blast_furnace":7,"minecraft:time_since_death":31933,"minecraft:walk_on_water_one_cm":33986,"minecraft:sleep_in_bed":3,"minecraft:total_world_time":39640,"minecraft:fall_one_cm":18374},"minecraft:dropped":{"minecraft:spider_eye":1},"minecraft:crafted":{"minecraft:oak_slab":12,"minecraft:oak_planks":80,"minecraft:emerald":31,"minecraft:shield":1,"minecraft:iron_pickaxe":1,"minecraft:crafting_table":3,"minecraft:stick":12,"minecraft:iron_ingot":4,"minecraft:wooden_pickaxe":1,"minecraft:stone_pickaxe":1,"minecraft:iron_leggings":1,"minecraft:white_bed":1,"minecraft:composter":1,"minecraft:torch":8,"minecraft:birch_planks":4,"minecraft:stone_axe":1,"minecraft:air":0,"minecraft:wheat":531},"minecraft:picked_up":{"minecraft:birch_log":1,"minecraft:crafting_table":2,"minecraft:raw_iron":4,"minecraft:composter":2,"minecraft:dandelion":1,"minecraft:oak_log":20,"minecraft:blast_furnace":1,"minecraft:white_bed":1,"minecraft:spider_eye":2,"minecraft:dirt":2,"minecraft:string":2,"minecraft:rotten_flesh":7,"minecraft:wheat_seeds":1,"minecraft:hay_block":59,"minecraft:mutton":5,"minecraft:coal":110,"minecraft:white_wool":3,"minecraft:cobblestone":17,"minecraft:egg":2},"minecraft:killed":{"minecraft:sheep":3,"minecraft:zombie":1,"minecraft:spider":3}},"DataVersion":3953}