{"stats":{"minecraft:used":{"minecraft:oak_trapdoor":3,"minecraft:stone_shovel":54,"minecraft:shield":5,"minecraft:rotten_flesh":12,"minecraft:torch":42,"minecraft:dirt":52,"minecraft:iron_hoe":81,"minecraft:iron_axe":228,"minecraft:birch_sapling":5,"minecraft:diamond_chestplate":1,"minecraft:beef":8,"minecraft:oak_sapling":56,"minecraft:furnace":1,"minecraft:egg":2,"minecraft:cooked_beef":5,"minecraft:potato":51,"minecraft:wheat_seeds":71,"minecraft:water_bucket":1,"minecraft:diamond_boots":1,"minecraft:stone_pickaxe":170,"minecraft:baked_potato":2,"minecraft:oak_planks":7,"minecraft:wooden_pickaxe":9,"minecraft:chainmail_helmet":1,"minecraft:composter":4,"minecraft:fletching_table":2,"minecraft:diamond_axe":86,"minecraft:sugar_cane":45,"minecraft:oak_slab":98,"minecraft:crafting_table":5,"minecraft:blast_furnace":1,"minecraft:white_bed":7,"minecraft:oak_log":17,"minecraft:apple":3,"minecraft:bread":8,"minecraft:suspicious_stew":2,"minecraft:iron_pickaxe":82,"minecraft:stone_slab":1,"minecraft:gravel":3,"minecraft:stone_axe":26,"minecraft:cobblestone":50,"minecraft:grindstone":3,"minecraft:andesite":1,"minecraft:bucket":1,"minecraft:pumpkin_pie":10,"minecraft:oak_boat":3},"minecraft:picked_up":{"minecraft:wooden_axe":1,"minecraft:iron_chestplate":1,"minecraft:crafting_table":3,"minecraft:wheat":52,"minecraft:chicken":3,"minecraft:stone_slab":1,"minecraft:wooden_pickaxe":3,"minecraft:shield":2,"minecraft:string":4,"minecraft:iron_axe":2,"minecraft:iron_leggings":1,"minecraft:cobbled_deepslate":46,"minecraft:smooth_stone":3,"minecraft:beef":12,"minecraft:oak_boat":3,"minecraft:iron_pickaxe":3,"minecraft:sugar_cane":93,"minecraft:birch_sapling":6,"minecraft:furnace":1,"minecraft:egg":9,"minecraft:stick":37,"minecraft:raw_iron":91,"minecraft:composter":3,"minecraft:torch":16,"minecraft:stone_sword":1,"minecraft:arrow":4,"minecraft:rotten_flesh":19,"minecraft:diamond_boots":1,"minecraft:hay_block":59,"minecraft:mutton":19,"minecraft:cobblestone":114,"minecraft:white_wool":6,"minecraft:birch_log":44,"minecraft:feather":3,"minecraft:andesite":38,"minecraft:leather":3,"minecraft:potato":66,"minecraft:flint":2,"minecraft:tuff":18,"minecraft:oak_log":231,"minecraft:gunpowder":1,"minecraft:dirt":108,"minecraft:bone":1,"minecraft:apple":3,"minecraft:bow":9,"minecraft:wheat_seeds":88,"minecraft:iron_ingot":1,"minecraft:raw_gold":2,"minecraft:stone_pickaxe":4,"minecraft:grindstone":2,"minecraft:fletching_table":1,"minecraft:oak_planks":131,"minecraft:book":1,"minecraft:oak_slab":23,"minecraft:dandelion":5,"minecraft:gravel":25,"minecraft:blast_furnace":1,"minecraft:white_bed":7,"minecraft:spider_eye":2,"minecraft:stone_axe":3,"minecraft:granite":4,"minecraft:chainmail_helmet":1,"minecraft:emerald":72,"minecraft:oak_sapling":56,"minecraft:coal":235},"minecraft:mined":{"minecraft:tuff":3,"minecraft:white_bed":5,"minecraft:oak_sapling":1,"minecraft:grass_block":36,"minecraft:composter":3,"minecraft:hay_block":59,"minecraft:smooth_stone":3,"minecraft:iron_ore":33,"minecraft:andesite":3,"minecraft:fletching_table":1,"minecraft:potatoes":15,"minecraft:dirt_path":4,"minecraft:stone":53,"minecraft:oak_slab":5,"minecraft:dandelion":1,"minecraft:short_grass":107,"minecraft:blast_furnace":1,"minecraft:cobblestone":11,"minecraft:stone_slab":1,"minecraft:tall_grass":1,"minecraft:grindstone":2,"minecraft:sugar_cane":73,"minecraft:oak_planks":2,"minecraft:birch_log":44,"minecraft:wheat":27,"minecraft:birch_leaves":6,"minecraft:oak_log":231,"minecraft:coal_ore":129,"minecraft:gravel":17,"minecraft:dirt":15,"minecraft:oak_leaves":75,"minecraft:deepslate":7},"minecraft:crafted":{"minecraft:grindstone":1,"minecraft:cookie":90,"minecraft:oak_planks":792,"minecraft:chainmail_helmet":9,"minecraft:stone_shovel":1,"minecraft:smooth_stone_slab":6,"minecraft:iron_nugget":8,"minecraft:furnace":1,"minecraft:stone":3,"minecraft:suspicious_stew":2,"minecraft:oak_trapdoor":4,"minecraft:bow":10,"minecraft:iron_axe":9,"minecraft:iron_hoe":1,"minecraft:stone_pickaxe":1,"minecraft:diamond_boots":2,"minecraft:wheat":531,"minecraft:cooked_beef":5,"minecraft:oak_slab":102,"minecraft:emerald":132,"minecraft:diamond_axe":1,"minecraft:crafting_table":5,"minecraft:baked_potato":2,"minecraft:wooden_pickaxe":1,"minecraft:iron_sword":1,"minecraft:fletching_table":1,"minecraft:bucket":1,"minecraft:birch_planks":176,"minecraft:stone_axe":1,"minecraft:bread":9,"minecraft:air":0,"minecraft:oak_boat":1,"minecraft:paper":48,"minecraft:shield":1,"minecraft:stick":1892,"minecraft:stone_slab":6,"minecraft:iron_ingot":110,"minecraft:iron_pickaxe":1,"minecraft:iron_leggings":2,"minecraft:white_bed":1,"minecraft:pumpkin_pie":28,"minecraft:composter":1,"minecraft:torch":48,"minecraft:diamond_chestplate":1},"minecraft:killed":{"minecraft:spider":3,"minecraft:skeleton":1,"minecraft:sheep":3,"minecraft:zombie":2},"minecraft:killed_by":{"minecraft:creeper":1,"minecraft:spider":1,"minecraft:skeleton":1,"minecraft:zombie":1},"minecraft:dropped":{"minecraft:iron_sword":1,"minecraft:oak_slab":5,"minecraft:wheat_seeds":6,"minecraft:diamond_axe":1,"minecraft:cookie":64,"minecraft:feather":3,"minecraft:cobblestone":128,"minecraft:granite":4,"minecraft:chainmail_helmet":3,"minecraft:emerald":24,"minecraft:stick":18,"minecraft:dirt":56,"minecraft:torch":1,"minecraft:iron_leggings":1,"minecraft:pumpkin_pie":16,"minecraft:iron_axe":3,"minecraft:iron_pickaxe":2,"minecraft:dandelion":1,"minecraft:bone":1,"minecraft:gravel":22,"minecraft:iron_nugget":1,"minecraft:cobbled_deepslate":46,"minecraft:bowl":2,"minecraft:tuff":18,"minecraft:wheat":11,"minecraft:oak_planks":2,"minecraft:shield":1,"minecraft:diamond_chestplate":1,"minecraft:iron_chestplate":1,"minecraft:andesite":36,"minecraft:spider_eye":1,"minecraft:diamond_boots":2,"minecraft:bow":19,"minecraft:arrow":4,"minecraft:stone_pickaxe":1,"minecraft:raw_gold":2,"minecraft:egg":1},"minecraft:custom":{"minecraft:mob_kills":10,"minecraft:interact_with_crafting_table":43,"minecraft:time_since_death":144454,"minecraft:sprint_one_cm":640479,"minecraft:walk_one_cm":582573,"minecraft:damage_blocked_by_shield":265,"minecraft:drop":78,"minecraft:talked_to_villager":109,"minecraft:play_time":190269,"minecraft:deaths":5,"minecraft:sneak_time":1550,"minecraft:walk_under_water_one_cm":13511,"minecraft:boat_one_cm":18466,"minecraft:jump":4334,"minecraft:interact_with_blast_furnace":29,"minecraft:walk_on_water_one_cm":62648,"minecraft:total_world_time":190269,"minecraft:interact_with_furnace":17,"minecraft:traded_with_villager":182,"minecraft:interact_with_grindstone":1,"minecraft:interact_with_stonecutter":2,"minecraft:sleep_in_bed":18,"minecraft:time_since_rest":10005,"minecraft:damage_taken":1856,"minecraft:damage_dealt":1326,"minecraft:fly_one_cm":1056809,"minecraft:swim_one_cm":29100,"minecraft:open_chest":27,"minecraft:crouch_one_cm":4519,"minecraft:fall_one_cm":96640},"minecraft:broken":{"minecraft:stone_pickaxe":1}},"DataVersion":3953}