{"stats":{"minecraft:mined":{"minecraft:tuff":16,"minecraft:white_bed":5,"minecraft:deepslate_diamond_ore":4,"minecraft:crafting_table":5,"minecraft:torch":1,"minecraft:short_grass":8,"minecraft:granite":4,"minecraft:grass_block":14,"minecraft:tall_grass":2,"minecraft:cobblestone":9,"minecraft:deepslate_gold_ore":2,"minecraft:oak_planks":6,"minecraft:tuff_bricks":2,"minecraft:wall_torch":1,"minecraft:raw_iron_block":2,"minecraft:iron_ore":6,"minecraft:andesite":36,"minecraft:waxed_copper_block":2,"minecraft:pointed_dripstone":10,"minecraft:oak_log":54,"minecraft:coal_ore":42,"minecraft:deepslate_iron_ore":64,"minecraft:gravel":11,"minecraft:dripstone_block":2,"minecraft:dirt":16,"minecraft:stone":192,"minecraft:oak_leaves":6,"minecraft:deepslate":39},"minecraft:broken":{"minecraft:stone_pickaxe":1},"minecraft:killed_by":{"minecraft:skeleton":3,"minecraft:creeper":1,"minecraft:zombie":3},"minecraft:used":{"minecraft:stone_sword":18,"minecraft:stone_pickaxe":317,"minecraft:oak_planks":16,"minecraft:wooden_pickaxe":34,"minecraft:iron_sword":24,"minecraft:waxed_copper_block":2,"minecraft:torch":54,"minecraft:dirt":9,"minecraft:crafting_table":7,"minecraft:white_bed":5,"minecraft:raw_iron_block":1,"minecraft:wooden_axe":11,"minecraft:diamond_pickaxe":62,"minecraft:apple":7,"minecraft:iron_axe":19,"minecraft:iron_pickaxe":49,"minecraft:stone_axe":47,"minecraft:cobblestone":20,"minecraft:furnace":2,"minecraft:pumpkin_pie":2,"minecraft:egg":1,"minecraft:oak_boat":3,"minecraft:cooked_beef":3},"minecraft:custom":{"minecraft:interact_with_furnace":10,"minecraft:mob_kills":23,"minecraft:interact_with_crafting_table":15,"minecraft:bell_ring":1,"minecraft:leave_game":2,"minecraft:time_since_death":0,"minecraft:sleep_in_bed":7,"minecraft:time_since_rest":44,"minecraft:sprint_one_cm":248226,"minecraft:damage_taken":2046,"minecraft:walk_one_cm":141242,"minecraft:drop":35,"minecraft:damage_dealt":4247,"minecraft:swim_one_cm":5334,"minecraft:talked_to_villager":1,"minecraft:fly_one_cm":312862,"minecraft:open_chest":15,"minecraft:crouch_one_cm":2730,"minecraft:play_time":86708,"minecraft:deaths":7,"minecraft:sneak_time":1158,"minecraft:walk_under_water_one_cm":1889,"minecraft:boat_one_cm":33300,"minecraft:jump":1737,"minecraft:walk_on_water_one_cm":7262,"minecraft:total_world_time":86708,"minecraft:fall_one_cm":43196},"minecraft:dropped":{"minecraft:oak_slab":5,"minecraft:stone_axe":1,"minecraft:wheat_seeds":5,"minecraft:wheat":22,"minecraft:pointed_dripstone":37,"minecraft:raw_iron":55,"minecraft:cobblestone":17,"minecraft:rotten_flesh":2,"minecraft:oak_planks":18,"minecraft:white_bed":1,"minecraft:coal":26,"minecraft:emerald":48,"minecraft:dirt":10,"minecraft:shield":1,"minecraft:gunpowder":1,"minecraft:torch":14,"minecraft:mutton":5,"minecraft:wooden_pickaxe":1,"minecraft:stone_pickaxe":2,"minecraft:iron_pickaxe":2,"minecraft:string":1,"minecraft:dandelion":1,"minecraft:egg":1},"minecraft:crafted":{"minecraft:cooked_beef":3,"minecraft:oak_planks":212,"minecraft:raw_iron":9,"minecraft:crafting_table":3,"minecraft:wooden_pickaxe":2,"minecraft:furnace":3,"minecraft:stone_axe":2,"minecraft:air":0,"minecraft:oak_boat":1,"minecraft:iron_chestplate":1,"minecraft:diamond_pickaxe":1,"minecraft:stick":40,"minecraft:iron_ingot":19,"minecraft:iron_pickaxe":1,"minecraft:stone_pickaxe":3,"minecraft:wooden_axe":1,"minecraft:stone_sword":1,"minecraft:iron_leggings":1,"minecraft:torch":60},"minecraft:picked_up":{"minecraft:iron_chestplate":2,"minecraft:cooked_beef":2,"minecraft:crafting_table":5,"minecraft:wheat":22,"minecraft:feather":3,"minecraft:chicken":3,"minecraft:andesite":180,"minecraft:leather":23,"minecraft:lead":6,"minecraft:wooden_pickaxe":5,"minecraft:flint":5,"minecraft:tuff":65,"minecraft:oak_log":53,"minecraft:waxed_copper_block":2,"minecraft:shield":6,"minecraft:gunpowder":1,"minecraft:dirt":136,"minecraft:string":1,"minecraft:iron_axe":6,"minecraft:iron_leggings":2,"minecraft:bone":6,"minecraft:wheat_seeds":11,"minecraft:cobbled_deepslate":167,"minecraft:raw_gold":6,"minecraft:iron_ingot":10,"minecraft:stone_pickaxe":5,"minecraft:beef":12,"minecraft:oak_boat":2,"minecraft:iron_pickaxe":6,"minecraft:iron_sword":5,"minecraft:oak_planks":454,"minecraft:egg":2,"minecraft:oak_slab":10,"minecraft:stick":20,"minecraft:raw_iron":128,"minecraft:torch":31,"minecraft:dandelion":1,"minecraft:raw_iron_block":4,"minecraft:dripstone_block":6,"minecraft:gravel":50,"minecraft:pointed_dripstone":148,"minecraft:white_bed":6,"minecraft:pumpkin_pie":30,"minecraft:arrow":7,"minecraft:rotten_flesh":21,"minecraft:diamond":11,"minecraft:stone_axe":4,"minecraft:diamond_boots":5,"minecraft:granite":20,"minecraft:emerald":56,"minecraft:tuff_bricks":6,"minecraft:mutton":19,"minecraft:coal":77,"minecraft:white_wool":8,"minecraft:cobblestone":585,"minecraft:diamond_pickaxe":2},"minecraft:killed":{"minecraft:spider":2,"minecraft:creeper":1,"minecraft:skeleton":2,"minecraft:sheep":4,"minecraft:trader_llama":2,"minecraft:zombie":5,"minecraft:chicken":3,"minecraft:cow":4}},"DataVersion":3953}