{"stats":{"minecraft:mined":{"minecraft:white_bed":1,"minecraft:crafting_table":4,"minecraft:torch":1,"minecraft:short_grass":7,"minecraft:grass_block":7,"minecraft:tall_grass":2,"minecraft:cobblestone":8,"minecraft:oak_planks":4,"minecraft:wall_torch":1,"minecraft:oak_log":43,"minecraft:coal_ore":42,"minecraft:dirt":6,"minecraft:stone":65,"minecraft:oak_leaves":6},"minecraft:killed_by":{"minecraft:skeleton":1},"minecraft:used":{"minecraft:stone_sword":18,"minecraft:stone_pickaxe":92,"minecraft:oak_planks":10,"minecraft:wooden_pickaxe":34,"minecraft:torch":5,"minecraft:dirt":7,"minecraft:crafting_table":5,"minecraft:wooden_axe":11,"minecraft:apple":7,"minecraft:stone_axe":47,"minecraft:cobblestone":1,"minecraft:furnace":1,"minecraft:egg":1,"minecraft:oak_boat":3,"minecraft:cooked_beef":2},"minecraft:custom":{"minecraft:interact_with_furnace":3,"minecraft:mob_kills":14,"minecraft:interact_with_crafting_table":10,"minecraft:bell_ring":1,"minecraft:time_since_death":21675,"minecraft:sleep_in_bed":3,"minecraft:time_since_rest":9574,"minecraft:sprint_one_cm":147119,"minecraft:damage_taken":309,"minecraft:walk_one_cm":80861,"minecraft:drop":29,"minecraft:damage_dealt":2186,"minecraft:swim_one_cm":5334,"minecraft:talked_to_villager":1,"minecraft:fly_one_cm":186367,"minecraft:open_chest":11,"minecraft:crouch_one_cm":1525,"minecraft:play_time":45728,"minecraft:deaths":1,"minecraft:sneak_time":424,"minecraft:walk_under_water_one_cm":669,"minecraft:boat_one_cm":33300,"minecraft:jump":914,"minecraft:walk_on_water_one_cm":3677,"minecraft:total_world_time":45728,"minecraft:fall_one_cm":16931},"minecraft:dropped":{"minecraft:oak_slab":5,"minecraft:stone_axe":1,"minecraft:wheat_seeds":5,"minecraft:wheat":22,"minecraft:raw_iron":3,"minecraft:rotten_flesh":2,"minecraft:cobblestone":17,"minecraft:oak_planks":18,"minecraft:white_bed":1,"minecraft:coal":26,"minecraft:emerald":48,"minecraft:dirt":10,"minecraft:shield":1,"minecraft:gunpowder":1,"minecraft:torch":14,"minecraft:mutton":5,"minecraft:wooden_pickaxe":1,"minecraft:stone_pickaxe":2,"minecraft:iron_pickaxe":2,"minecraft:string":1,"minecraft:dandelion":1,"minecraft:egg":1},"minecraft:crafted":{"minecraft:cooked_beef":3,"minecraft:oak_planks":168,"minecraft:crafting_table":3,"minecraft:wooden_pickaxe":2,"minecraft:furnace":2,"minecraft:stone_axe":2,"minecraft:air":0,"minecraft:oak_boat":1,"minecraft:stick":20,"minecraft:stone_pickaxe":2,"minecraft:wooden_axe":1,"minecraft:stone_sword":1,"minecraft:torch":12},"minecraft:picked_up":{"minecraft:crafting_table":4,"minecraft:wheat":22,"minecraft:feather":3,"minecraft:chicken":3,"minecraft:leather":7,"minecraft:lead":2,"minecraft:wooden_pickaxe":1,"minecraft:oak_log":42,"minecraft:shield":1,"minecraft:gunpowder":1,"minecraft:dirt":40,"minecraft:string":1,"minecraft:iron_axe":1,"minecraft:wheat_seeds":7,"minecraft:beef":12,"minecraft:stone_pickaxe":2,"minecraft:oak_boat":2,"minecraft:iron_pickaxe":2,"minecraft:iron_sword":1,"minecraft:oak_planks":50,"minecraft:egg":2,"minecraft:oak_slab":10,"minecraft:raw_iron":3,"minecraft:torch":16,"minecraft:dandelion":1,"minecraft:white_bed":2,"minecraft:rotten_flesh":2,"minecraft:stone_axe":1,"minecraft:diamond_boots":1,"minecraft:emerald":48,"minecraft:mutton":11,"minecraft:coal":77,"minecraft:white_wool":4,"minecraft:cobblestone":83},"minecraft:killed":{"minecraft:creeper":1,"minecraft:sheep":4,"minecraft:trader_llama":2,"minecraft:chicken":3,"minecraft:cow":4}},"DataVersion":3953}