{"stats":{"minecraft:mined":{"minecraft:crafting_table":4,"minecraft:short_grass":1,"minecraft:coal_ore":35,"minecraft:oak_log":15,"minecraft:dirt":2,"minecraft:stone":52,"minecraft:oak_leaves":1},"minecraft:custom":{"minecraft:mob_kills":6,"minecraft:interact_with_crafting_table":5,"minecraft:time_since_death":16745,"minecraft:sleep_in_bed":1,"minecraft:time_since_rest":8024,"minecraft:sprint_one_cm":56895,"minecraft:damage_taken":109,"minecraft:walk_one_cm":33873,"minecraft:drop":28,"minecraft:damage_dealt":1062,"minecraft:swim_one_cm":4774,"minecraft:fly_one_cm":64403,"minecraft:open_chest":3,"minecraft:crouch_one_cm":224,"minecraft:play_time":16745,"minecraft:sneak_time":178,"minecraft:walk_under_water_one_cm":631,"minecraft:boat_one_cm":33300,"minecraft:jump":329,"minecraft:walk_on_water_one_cm":1456,"minecraft:total_world_time":16745,"minecraft:fall_one_cm":7586},"minecraft:used":{"minecraft:stone_sword":12,"minecraft:stone_pickaxe":70,"minecraft:oak_planks":4,"minecraft:wooden_pickaxe":20,"minecraft:crafting_table":4,"minecraft:wooden_axe":11,"minecraft:apple":3,"minecraft:stone_axe":10,"minecraft:cobblestone":1,"minecraft:oak_boat":3},"minecraft:crafted":{"minecraft:oak_planks":60,"minecraft:crafting_table":1,"minecraft:wooden_pickaxe":1,"minecraft:furnace":1,"minecraft:stone_axe":1,"minecraft:oak_boat":1,"minecraft:stick":12,"minecraft:stone_pickaxe":1,"minecraft:wooden_axe":1,"minecraft:stone_sword":1},"minecraft:dropped":{"minecraft:stone_axe":1,"minecraft:oak_slab":5,"minecraft:wheat_seeds":4,"minecraft:wheat":22,"minecraft:raw_iron":3,"minecraft:cobblestone":17,"minecraft:rotten_flesh":2,"minecraft:oak_planks":18,"minecraft:white_bed":1,"minecraft:coal":26,"minecraft:emerald":48,"minecraft:dirt":10,"minecraft:shield":1,"minecraft:gunpowder":1,"minecraft:torch":14,"minecraft:mutton":5,"minecraft:stone_pickaxe":2,"minecraft:wooden_pickaxe":1,"minecraft:iron_pickaxe":2,"minecraft:string":1,"minecraft:dandelion":1,"minecraft:egg":1},"minecraft:picked_up":{"minecraft:crafting_table":4,"minecraft:wheat":22,"minecraft:feather":1,"minecraft:chicken":2,"minecraft:wooden_pickaxe":1,"minecraft:oak_log":15,"minecraft:shield":1,"minecraft:gunpowder":1,"minecraft:dirt":29,"minecraft:string":1,"minecraft:wheat_seeds":5,"minecraft:stone_pickaxe":2,"minecraft:oak_boat":2,"minecraft:iron_pickaxe":2,"minecraft:oak_planks":47,"minecraft:egg":1,"minecraft:oak_slab":5,"minecraft:raw_iron":3,"minecraft:torch":14,"minecraft:dandelion":1,"minecraft:white_bed":1,"minecraft:rotten_flesh":2,"minecraft:stone_axe":1,"minecraft:emerald":48,"minecraft:mutton":9,"minecraft:coal":69,"minecraft:white_wool":3,"minecraft:cobblestone":61},"minecraft:killed":{"minecraft:creeper":1,"minecraft:sheep":3,"minecraft:chicken":2}},"DataVersion":3953}