{"stats":{"minecraft:mined":{"minecraft:tuff":12,"minecraft:white_bed":3,"minecraft:deepslate_diamond_ore":3,"minecraft:crafting_table":5,"minecraft:torch":1,"minecraft:short_grass":8,"minecraft:granite":4,"minecraft:grass_block":10,"minecraft:tall_grass":2,"minecraft:cobblestone":9,"minecraft:oak_planks":4,"minecraft:wall_torch":1,"minecraft:raw_iron_block":1,"minecraft:iron_ore":6,"minecraft:andesite":36,"minecraft:pointed_dripstone":10,"minecraft:oak_log":43,"minecraft:coal_ore":42,"minecraft:deepslate_iron_ore":21,"minecraft:gravel":11,"minecraft:dripstone_block":2,"minecraft:dirt":15,"minecraft:stone":191,"minecraft:oak_leaves":6,"minecraft:deepslate":32},"minecraft:broken":{"minecraft:stone_pickaxe":1},"minecraft:killed_by":{"minecraft:skeleton":2,"minecraft:zombie":2},"minecraft:used":{"minecraft:stone_sword":18,"minecraft:stone_pickaxe":317,"minecraft:oak_planks":11,"minecraft:wooden_pickaxe":34,"minecraft:iron_sword":16,"minecraft:torch":48,"minecraft:dirt":8,"minecraft:crafting_table":7,"minecraft:white_bed":3,"minecraft:wooden_axe":11,"minecraft:apple":7,"minecraft:iron_axe":4,"minecraft:iron_pickaxe":42,"minecraft:stone_axe":47,"minecraft:cobblestone":20,"minecraft:furnace":2,"minecraft:egg":1,"minecraft:oak_boat":3,"minecraft:cooked_beef":2},"minecraft:custom":{"minecraft:interact_with_furnace":6,"minecraft:mob_kills":20,"minecraft:interact_with_crafting_table":13,"minecraft:bell_ring":1,"minecraft:leave_game":1,"minecraft:time_since_death":1268,"minecraft:sleep_in_bed":5,"minecraft:time_since_rest":1305,"minecraft:sprint_one_cm":187023,"minecraft:damage_taken":1275,"minecraft:walk_one_cm":111869,"minecraft:drop":29,"minecraft:damage_dealt":3468,"minecraft:swim_one_cm":5334,"minecraft:talked_to_villager":1,"minecraft:fly_one_cm":246020,"minecraft:open_chest":12,"minecraft:crouch_one_cm":2730,"minecraft:play_time":69625,"minecraft:deaths":4,"minecraft:sneak_time":1146,"minecraft:walk_under_water_one_cm":1675,"minecraft:boat_one_cm":33300,"minecraft:jump":1281,"minecraft:walk_on_water_one_cm":6429,"minecraft:total_world_time":69625,"minecraft:fall_one_cm":30989},"minecraft:dropped":{"minecraft:oak_slab":5,"minecraft:stone_axe":1,"minecraft:wheat_seeds":5,"minecraft:wheat":22,"minecraft:raw_iron":3,"minecraft:cobblestone":17,"minecraft:rotten_flesh":2,"minecraft:oak_planks":18,"minecraft:white_bed":1,"minecraft:coal":26,"minecraft:emerald":48,"minecraft:dirt":10,"minecraft:shield":1,"minecraft:gunpowder":1,"minecraft:torch":14,"minecraft:mutton":5,"minecraft:wooden_pickaxe":1,"minecraft:stone_pickaxe":2,"minecraft:iron_pickaxe":2,"minecraft:string":1,"minecraft:dandelion":1,"minecraft:egg":1},"minecraft:crafted":{"minecraft:cooked_beef":3,"minecraft:oak_planks":168,"minecraft:crafting_table":3,"minecraft:wooden_pickaxe":2,"minecraft:furnace":3,"minecraft:stone_axe":2,"minecraft:air":0,"minecraft:oak_boat":1,"minecraft:stick":40,"minecraft:iron_ingot":7,"minecraft:iron_pickaxe":1,"minecraft:stone_pickaxe":3,"minecraft:wooden_axe":1,"minecraft:stone_sword":1,"minecraft:torch":60},"minecraft:picked_up":{"minecraft:cooked_beef":2,"minecraft:crafting_table":5,"minecraft:wheat":22,"minecraft:feather":3,"minecraft:chicken":3,"minecraft:andesite":108,"minecraft:leather":15,"minecraft:lead":6,"minecraft:wooden_pickaxe":3,"minecraft:flint":3,"minecraft:tuff":31,"minecraft:oak_log":42,"minecraft:shield":3,"minecraft:gunpowder":1,"minecraft:dirt":82,"minecraft:string":1,"minecraft:iron_axe":3,"minecraft:bone":2,"minecraft:wheat_seeds":9,"minecraft:cobbled_deepslate":85,"minecraft:iron_ingot":8,"minecraft:stone_pickaxe":4,"minecraft:beef":12,"minecraft:oak_boat":2,"minecraft:iron_pickaxe":4,"minecraft:iron_sword":3,"minecraft:oak_planks":210,"minecraft:egg":2,"minecraft:oak_slab":10,"minecraft:stick":12,"minecraft:raw_iron":48,"minecraft:torch":30,"minecraft:dandelion":1,"minecraft:raw_iron_block":3,"minecraft:dripstone_block":6,"minecraft:gravel":30,"minecraft:pointed_dripstone":111,"minecraft:white_bed":4,"minecraft:arrow":1,"minecraft:rotten_flesh":9,"minecraft:diamond":9,"minecraft:stone_axe":3,"minecraft:diamond_boots":3,"minecraft:granite":12,"minecraft:emerald":52,"minecraft:mutton":15,"minecraft:coal":77,"minecraft:white_wool":6,"minecraft:cobblestone":416},"minecraft:killed":{"minecraft:spider":2,"minecraft:creeper":1,"minecraft:skeleton":1,"minecraft:sheep":4,"minecraft:trader_llama":2,"minecraft:zombie":3,"minecraft:chicken":3,"minecraft:cow":4}},"DataVersion":3953}