{"stats":{"minecraft:used":{"minecraft:stone_sword":18,"minecraft:iron_sword":24,"minecraft:torch":59,"minecraft:dirt":9,"minecraft:raw_iron_block":1,"minecraft:wooden_axe":11,"minecraft:iron_axe":21,"minecraft:birch_sapling":1,"minecraft:oak_sapling":56,"minecraft:furnace":2,"minecraft:egg":4,"minecraft:cooked_beef":3,"minecraft:stone_pickaxe":317,"minecraft:oak_planks":16,"minecraft:wooden_pickaxe":34,"minecraft:diamond_axe":756,"minecraft:waxed_copper_block":2,"minecraft:crafting_table":7,"minecraft:white_bed":5,"minecraft:diamond_pickaxe":62,"minecraft:apple":10,"minecraft:iron_pickaxe":67,"minecraft:stone_axe":47,"minecraft:cobblestone":28,"minecraft:porkchop":5,"minecraft:pumpkin_pie":2,"minecraft:oak_boat":3,"minecraft:dandelion":2},"minecraft:picked_up":{"minecraft:crafting_table":5,"minecraft:iron_chestplate":3,"minecraft:wheat":22,"minecraft:chicken":3,"minecraft:lead":7,"minecraft:wooden_pickaxe":5,"minecraft:shield":7,"minecraft:string":1,"minecraft:iron_axe":8,"minecraft:iron_leggings":3,"minecraft:cobbled_deepslate":213,"minecraft:beef":12,"minecraft:oak_boat":2,"minecraft:iron_pickaxe":7,"minecraft:birch_sapling":7,"minecraft:egg":5,"minecraft:stick":77,"minecraft:raw_iron":142,"minecraft:torch":37,"minecraft:porkchop":5,"minecraft:pointed_dripstone":148,"minecraft:arrow":10,"minecraft:rotten_flesh":21,"minecraft:pumpkin_pie":30,"minecraft:diamond_boots":5,"minecraft:tuff_bricks":6,"minecraft:mutton":19,"minecraft:white_wool":8,"minecraft:cobblestone":713,"minecraft:birch_log":55,"minecraft:feather":3,"minecraft:cooked_beef":2,"minecraft:andesite":216,"minecraft:leather":24,"minecraft:flint":5,"minecraft:tuff":86,"minecraft:oak_log":584,"minecraft:waxed_copper_block":2,"minecraft:gunpowder":1,"minecraft:dirt":196,"minecraft:bone":6,"minecraft:apple":3,"minecraft:bow":1,"minecraft:wheat_seeds":21,"minecraft:raw_gold":8,"minecraft:stone_pickaxe":5,"minecraft:iron_ingot":10,"minecraft:iron_sword":5,"minecraft:oak_planks":454,"minecraft:oak_slab":10,"minecraft:dandelion":3,"minecraft:raw_iron_block":5,"minecraft:dripstone_block":9,"minecraft:gravel":72,"minecraft:white_bed":7,"minecraft:diamond":11,"minecraft:stone_axe":4,"minecraft:granite":24,"minecraft:diamond_axe":1,"minecraft:emerald":80,"minecraft:chainmail_helmet":1,"minecraft:oak_sapling":56,"minecraft:coal":77,"minecraft:diamond_pickaxe":2},"minecraft:crafted":{"minecraft:oak_planks":1568,"minecraft:raw_iron":9,"minecraft:furnace":3,"minecraft:stone_pickaxe":3,"minecraft:cooked_beef":3,"minecraft:emerald":18,"minecraft:crafting_table":3,"minecraft:wooden_pickaxe":2,"minecraft:stone_axe":2,"minecraft:air":0,"minecraft:oak_boat":1,"minecraft:iron_chestplate":1,"minecraft:diamond_pickaxe":1,"minecraft:stick":769,"minecraft:iron_ingot":19,"minecraft:iron_pickaxe":1,"minecraft:wooden_axe":1,"minecraft:stone_sword":1,"minecraft:iron_leggings":1,"minecraft:torch":60},"minecraft:mined":{"minecraft:tuff":19,"minecraft:white_bed":6,"minecraft:oak_sapling":4,"minecraft:deepslate_diamond_ore":4,"minecraft:granite":4,"minecraft:grass_block":16,"minecraft:tuff_bricks":2,"minecraft:raw_iron_block":3,"minecraft:iron_ore":6,"minecraft:andesite":36,"minecraft:peony":1,"minecraft:pointed_dripstone":10,"minecraft:deepslate_iron_ore":78,"minecraft:stone":192,"minecraft:dandelion":2,"minecraft:crafting_table":5,"minecraft:torch":4,"minecraft:short_grass":41,"minecraft:tall_grass":8,"minecraft:cobblestone":9,"minecraft:deepslate_gold_ore":2,"minecraft:oak_planks":6,"minecraft:wall_torch":3,"minecraft:birch_sapling":1,"minecraft:birch_log":55,"minecraft:birch_leaves":6,"minecraft:waxed_copper_block":2,"minecraft:oak_log":589,"minecraft:coal_ore":42,"minecraft:gravel":11,"minecraft:dripstone_block":2,"minecraft:dirt":16,"minecraft:oak_leaves":158,"minecraft:deepslate":39},"minecraft:killed":{"minecraft:spider":2,"minecraft:skeleton":2,"minecraft:chicken":3,"minecraft:pig":3,"minecraft:creeper":1,"minecraft:sheep":4,"minecraft:trader_llama":2,"minecraft:zombie":5,"minecraft:cow":4},"minecraft:killed_by":{"minecraft:creeper":1,"minecraft:iron_golem":1,"minecraft:skeleton":4,"minecraft:zombie":3},"minecraft:dropped":{"minecraft:oak_slab":5,"minecraft:wheat_seeds":12,"minecraft:cobblestone":17,"minecraft:coal":26,"minecraft:emerald":48,"minecraft:dirt":12,"minecraft:torch":14,"minecraft:mutton":5,"minecraft:iron_pickaxe":2,"minecraft:string":1,"minecraft:dandelion":1,"minecraft:stone_axe":1,"minecraft:wheat":22,"minecraft:pointed_dripstone":37,"minecraft:raw_iron":55,"minecraft:rotten_flesh":2,"minecraft:oak_planks":18,"minecraft:white_bed":1,"minecraft:shield":1,"minecraft:gunpowder":1,"minecraft:wooden_pickaxe":1,"minecraft:stone_pickaxe":2,"minecraft:egg":1},"minecraft:custom":{"minecraft:mob_kills":26,"minecraft:interact_with_crafting_table":15,"minecraft:bell_ring":1,"minecraft:leave_game":5,"minecraft:time_since_death":37589,"minecraft:sprint_one_cm":381422,"minecraft:walk_one_cm":247079,"minecraft:drop":41,"minecraft:talked_to_villager":4,"minecraft:play_time":133243,"minecraft:deaths":9,"minecraft:sneak_time":1363,"minecraft:walk_under_water_one_cm":2341,"minecraft:boat_one_cm":33300,"minecraft:jump":2664,"minecraft:interact_with_blast_furnace":1,"minecraft:walk_on_water_one_cm":10573,"minecraft:total_world_time":133243,"minecraft:interact_with_furnace":10,"minecraft:traded_with_villager":18,"minecraft:sleep_in_bed":9,"minecraft:time_since_rest":26821,"minecraft:damage_taken":2843,"minecraft:damage_dealt":4764,"minecraft:swim_one_cm":5810,"minecraft:fly_one_cm":465994,"minecraft:open_chest":17,"minecraft:crouch_one_cm":3434,"minecraft:fall_one_cm":61542},"minecraft:broken":{"minecraft:stone_pickaxe":1}},"DataVersion":3953}