{"stats":{"minecraft:mined":{"minecraft:crafting_table":4,"minecraft:torch":1,"minecraft:short_grass":4,"minecraft:grass_block":7,"minecraft:cobblestone":8,"minecraft:oak_log":35,"minecraft:coal_ore":42,"minecraft:dirt":6,"minecraft:stone":65,"minecraft:oak_leaves":6},"minecraft:killed_by":{"minecraft:skeleton":1},"minecraft:custom":{"minecraft:mob_kills":12,"minecraft:interact_with_crafting_table":8,"minecraft:bell_ring":1,"minecraft:time_since_death":9675,"minecraft:sleep_in_bed":2,"minecraft:time_since_rest":9542,"minecraft:sprint_one_cm":130428,"minecraft:damage_taken":309,"minecraft:walk_one_cm":63873,"minecraft:drop":28,"minecraft:damage_dealt":1756,"minecraft:swim_one_cm":5334,"minecraft:talked_to_villager":1,"minecraft:fly_one_cm":161167,"minecraft:open_chest":5,"minecraft:crouch_one_cm":1329,"minecraft:play_time":33728,"minecraft:deaths":1,"minecraft:sneak_time":376,"minecraft:walk_under_water_one_cm":669,"minecraft:boat_one_cm":33300,"minecraft:jump":794,"minecraft:walk_on_water_one_cm":3677,"minecraft:total_world_time":33728,"minecraft:fall_one_cm":16095},"minecraft:used":{"minecraft:stone_sword":18,"minecraft:stone_pickaxe":91,"minecraft:oak_planks":5,"minecraft:wooden_pickaxe":34,"minecraft:torch":5,"minecraft:dirt":7,"minecraft:crafting_table":5,"minecraft:wooden_axe":11,"minecraft:apple":7,"minecraft:stone_axe":28,"minecraft:cobblestone":1,"minecraft:egg":1,"minecraft:oak_boat":3},"minecraft:crafted":{"minecraft:oak_planks":140,"minecraft:crafting_table":2,"minecraft:wooden_pickaxe":2,"minecraft:furnace":1,"minecraft:stone_axe":2,"minecraft:oak_boat":1,"minecraft:stick":20,"minecraft:stone_pickaxe":2,"minecraft:wooden_axe":1,"minecraft:stone_sword":1,"minecraft:torch":12},"minecraft:dropped":{"minecraft:oak_slab":5,"minecraft:stone_axe":1,"minecraft:wheat_seeds":4,"minecraft:wheat":22,"minecraft:raw_iron":3,"minecraft:rotten_flesh":2,"minecraft:cobblestone":17,"minecraft:oak_planks":18,"minecraft:white_bed":1,"minecraft:coal":26,"minecraft:emerald":48,"minecraft:dirt":10,"minecraft:shield":1,"minecraft:gunpowder":1,"minecraft:torch":14,"minecraft:mutton":5,"minecraft:wooden_pickaxe":1,"minecraft:stone_pickaxe":2,"minecraft:iron_pickaxe":2,"minecraft:string":1,"minecraft:dandelion":1,"minecraft:egg":1},"minecraft:picked_up":{"minecraft:crafting_table":4,"minecraft:wheat":22,"minecraft:feather":3,"minecraft:chicken":3,"minecraft:leather":3,"minecraft:wooden_pickaxe":1,"minecraft:oak_log":35,"minecraft:shield":1,"minecraft:gunpowder":1,"minecraft:dirt":40,"minecraft:string":1,"minecraft:wheat_seeds":6,"minecraft:beef":12,"minecraft:stone_pickaxe":2,"minecraft:oak_boat":2,"minecraft:iron_pickaxe":2,"minecraft:oak_planks":47,"minecraft:egg":2,"minecraft:oak_slab":10,"minecraft:raw_iron":3,"minecraft:torch":15,"minecraft:dandelion":1,"minecraft:white_bed":1,"minecraft:rotten_flesh":2,"minecraft:stone_axe":1,"minecraft:emerald":48,"minecraft:mutton":11,"minecraft:coal":77,"minecraft:white_wool":4,"minecraft:cobblestone":83},"minecraft:killed":{"minecraft:creeper":1,"minecraft:sheep":4,"minecraft:chicken":3,"minecraft:cow":4}},"DataVersion":3953}