{"stats":{"minecraft:mined":{"minecraft:oak_log":15,"minecraft:dirt":2,"minecraft:stone":36,"minecraft:crafting_table":4},"minecraft:used":{"minecraft:stone_axe":3,"minecraft:wooden_axe":11,"minecraft:cobblestone":1,"minecraft:crafting_table":4,"minecraft:stone_pickaxe":18,"minecraft:oak_boat":1,"minecraft:wooden_pickaxe":20},"minecraft:custom":{"minecraft:time_since_rest":4745,"minecraft:crouch_one_cm":199,"minecraft:play_time":4745,"minecraft:sprint_one_cm":11682,"minecraft:walk_one_cm":6214,"minecraft:sneak_time":146,"minecraft:boat_one_cm":7499,"minecraft:jump":40,"minecraft:time_since_death":4745,"minecraft:total_world_time":4745,"minecraft:interact_with_crafting_table":5,"minecraft:fall_one_cm":952,"minecraft:fly_one_cm":6150},"minecraft:crafted":{"minecraft:stone_sword":1,"minecraft:furnace":1,"minecraft:oak_boat":1,"minecraft:oak_planks":60,"minecraft:stone_axe":1,"minecraft:crafting_table":1,"minecraft:stick":12,"minecraft:stone_pickaxe":1,"minecraft:wooden_pickaxe":1,"minecraft:wooden_axe":1},"minecraft:picked_up":{"minecraft:crafting_table":4,"minecraft:oak_log":15,"minecraft:dirt":2,"minecraft:cobblestone":36}},"DataVersion":3953}