{"stats":{"minecraft:used":{"minecraft:stone_sword":18,"minecraft:chest":2,"minecraft:iron_sword":24,"minecraft:torch":59,"minecraft:dirt":9,"minecraft:raw_iron_block":1,"minecraft:wooden_axe":11,"minecraft:iron_axe":21,"minecraft:birch_sapling":7,"minecraft:oak_sapling":56,"minecraft:furnace":2,"minecraft:egg":4,"minecraft:cooked_beef":3,"minecraft:stone_pickaxe":317,"minecraft:oak_planks":17,"minecraft:wooden_pickaxe":34,"minecraft:diamond_axe":760,"minecraft:sugar_cane":1,"minecraft:waxed_copper_block":2,"minecraft:crafting_table":7,"minecraft:white_bed":6,"minecraft:diamond_pickaxe":62,"minecraft:apple":10,"minecraft:bread":1,"minecraft:iron_pickaxe":67,"minecraft:stone_axe":47,"minecraft:cobblestone":28,"minecraft:porkchop":5,"minecraft:pumpkin_pie":2,"minecraft:oak_boat":3,"minecraft:dandelion":2},"minecraft:picked_up":{"minecraft:crafting_table":5,"minecraft:iron_chestplate":3,"minecraft:wheat":22,"minecraft:chicken":3,"minecraft:lead":7,"minecraft:wooden_pickaxe":5,"minecraft:shield":7,"minecraft:string":1,"minecraft:iron_axe":8,"minecraft:iron_leggings":3,"minecraft:cobbled_deepslate":213,"minecraft:beef":12,"minecraft:oak_boat":2,"minecraft:iron_pickaxe":7,"minecraft:sugar_cane":1,"minecraft:birch_sapling":7,"minecraft:egg":5,"minecraft:stick":78,"minecraft:raw_iron":142,"minecraft:torch":37,"minecraft:bowl":1,"minecraft:porkchop":5,"minecraft:cookie":64,"minecraft:pointed_dripstone":148,"minecraft:diamond_chestplate":1,"minecraft:arrow":10,"minecraft:rotten_flesh":21,"minecraft:pumpkin_pie":30,"minecraft:diamond_boots":6,"minecraft:tuff_bricks":6,"minecraft:mutton":19,"minecraft:white_wool":8,"minecraft:cobblestone":713,"minecraft:birch_log":55,"minecraft:feather":3,"minecraft:cooked_beef":2,"minecraft:salmon":1,"minecraft:andesite":216,"minecraft:leather":24,"minecraft:flint":5,"minecraft:tuff":86,"minecraft:oak_log":587,"minecraft:waxed_copper_block":2,"minecraft:gunpowder":1,"minecraft:dirt":196,"minecraft:bone":6,"minecraft:apple":3,"minecraft:bow":1,"minecraft:wheat_seeds":21,"minecraft:raw_gold":8,"minecraft:stone_pickaxe":5,"minecraft:iron_ingot":10,"minecraft:iron_sword":5,"minecraft:oak_planks":503,"minecraft:oak_slab":10,"minecraft:dandelion":3,"minecraft:raw_iron_block":5,"minecraft:dripstone_block":9,"minecraft:gravel":72,"minecraft:white_bed":7,"minecraft:diamond":11,"minecraft:stone_axe":4,"minecraft:granite":24,"minecraft:diamond_axe":1,"minecraft:emerald":80,"minecraft:chainmail_helmet":1,"minecraft:oak_sapling":56,"minecraft:coal":77,"minecraft:diamond_pickaxe":2},"minecraft:crafted":{"minecraft:oak_planks":2348,"minecraft:raw_iron":9,"minecraft:furnace":3,"minecraft:stone_pickaxe":3,"minecraft:chest":2,"minecraft:diamond_boots":1,"minecraft:cooked_beef":3,"minecraft:emerald":50,"minecraft:crafting_table":3,"minecraft:wooden_pickaxe":2,"minecraft:stone_axe":2,"minecraft:bread":84,"minecraft:air":0,"minecraft:oak_boat":1,"minecraft:iron_chestplate":1,"minecraft:diamond_pickaxe":1,"minecraft:stick":2237,"minecraft:iron_ingot":19,"minecraft:iron_pickaxe":1,"minecraft:wooden_axe":1,"minecraft:stone_sword":1,"minecraft:iron_leggings":1,"minecraft:torch":60},"minecraft:mined":{"minecraft:tuff":19,"minecraft:white_bed":6,"minecraft:oak_sapling":4,"minecraft:deepslate_diamond_ore":4,"minecraft:granite":4,"minecraft:grass_block":16,"minecraft:tuff_bricks":2,"minecraft:raw_iron_block":3,"minecraft:iron_ore":6,"minecraft:andesite":36,"minecraft:peony":1,"minecraft:pointed_dripstone":10,"minecraft:deepslate_iron_ore":78,"minecraft:stone":192,"minecraft:dandelion":2,"minecraft:crafting_table":5,"minecraft:torch":4,"minecraft:short_grass":43,"minecraft:tall_grass":8,"minecraft:cobblestone":9,"minecraft:deepslate_gold_ore":2,"minecraft:sugar_cane":1,"minecraft:oak_planks":7,"minecraft:wall_torch":3,"minecraft:birch_sapling":1,"minecraft:birch_log":55,"minecraft:birch_leaves":6,"minecraft:waxed_copper_block":2,"minecraft:oak_log":592,"minecraft:coal_ore":42,"minecraft:gravel":11,"minecraft:dripstone_block":2,"minecraft:dirt":16,"minecraft:oak_leaves":158,"minecraft:deepslate":39},"minecraft:killed":{"minecraft:spider":2,"minecraft:skeleton":2,"minecraft:chicken":3,"minecraft:pig":3,"minecraft:creeper":1,"minecraft:sheep":4,"minecraft:trader_llama":2,"minecraft:zombie":5,"minecraft:cow":4},"minecraft:killed_by":{"minecraft:creeper":1,"minecraft:iron_golem":2,"minecraft:skeleton":4,"minecraft:zombie":3},"minecraft:dropped":{"minecraft:oak_slab":5,"minecraft:wheat_seeds":15,"minecraft:cobblestone":17,"minecraft:coal":26,"minecraft:stick":1,"minecraft:emerald":70,"minecraft:dirt":12,"minecraft:torch":14,"minecraft:mutton":5,"minecraft:iron_pickaxe":2,"minecraft:string":1,"minecraft:dandelion":1,"minecraft:stone_axe":1,"minecraft:wheat":22,"minecraft:pointed_dripstone":37,"minecraft:raw_iron":55,"minecraft:rotten_flesh":2,"minecraft:oak_planks":18,"minecraft:white_bed":1,"minecraft:shield":1,"minecraft:gunpowder":1,"minecraft:diamond_boots":1,"minecraft:wooden_pickaxe":1,"minecraft:stone_pickaxe":2,"minecraft:egg":1},"minecraft:custom":{"minecraft:mob_kills":26,"minecraft:interact_with_crafting_table":18,"minecraft:bell_ring":1,"minecraft:leave_game":5,"minecraft:time_since_death":7313,"minecraft:sprint_one_cm":410635,"minecraft:walk_one_cm":284552,"minecraft:drop":45,"minecraft:talked_to_villager":21,"minecraft:play_time":146838,"minecraft:deaths":10,"minecraft:sneak_time":1415,"minecraft:walk_under_water_one_cm":2851,"minecraft:boat_one_cm":33300,"minecraft:jump":2894,"minecraft:interact_with_blast_furnace":1,"minecraft:walk_on_water_one_cm":11513,"minecraft:total_world_time":146838,"minecraft:interact_with_furnace":10,"minecraft:traded_with_villager":65,"minecraft:sleep_in_bed":10,"minecraft:time_since_rest":7347,"minecraft:damage_taken":3061,"minecraft:damage_dealt":4774,"minecraft:swim_one_cm":5810,"minecraft:fly_one_cm":518041,"minecraft:open_chest":28,"minecraft:crouch_one_cm":4205,"minecraft:fall_one_cm":63614},"minecraft:broken":{"minecraft:stone_pickaxe":1}},"DataVersion":3953}