{"stats":{"minecraft:used":{"minecraft:stone_sword":18,"minecraft:iron_sword":24,"minecraft:torch":59,"minecraft:dirt":9,"minecraft:raw_iron_block":1,"minecraft:wooden_axe":11,"minecraft:iron_axe":21,"minecraft:furnace":2,"minecraft:egg":4,"minecraft:cooked_beef":3,"minecraft:stone_pickaxe":317,"minecraft:oak_planks":16,"minecraft:wooden_pickaxe":34,"minecraft:diamond_axe":173,"minecraft:waxed_copper_block":2,"minecraft:crafting_table":7,"minecraft:white_bed":5,"minecraft:diamond_pickaxe":62,"minecraft:apple":7,"minecraft:iron_pickaxe":67,"minecraft:stone_axe":47,"minecraft:cobblestone":28,"minecraft:porkchop":3,"minecraft:pumpkin_pie":2,"minecraft:oak_boat":3,"minecraft:dandelion":2},"minecraft:picked_up":{"minecraft:crafting_table":5,"minecraft:iron_chestplate":3,"minecraft:wheat":22,"minecraft:chicken":3,"minecraft:lead":6,"minecraft:wooden_pickaxe":5,"minecraft:shield":7,"minecraft:string":1,"minecraft:iron_axe":8,"minecraft:iron_leggings":3,"minecraft:cobbled_deepslate":213,"minecraft:beef":12,"minecraft:oak_boat":2,"minecraft:iron_pickaxe":7,"minecraft:egg":5,"minecraft:stick":41,"minecraft:raw_iron":142,"minecraft:torch":37,"minecraft:porkchop":3,"minecraft:pointed_dripstone":148,"minecraft:arrow":10,"minecraft:rotten_flesh":21,"minecraft:pumpkin_pie":30,"minecraft:diamond_boots":5,"minecraft:tuff_bricks":6,"minecraft:mutton":19,"minecraft:white_wool":8,"minecraft:cobblestone":713,"minecraft:feather":3,"minecraft:cooked_beef":2,"minecraft:andesite":216,"minecraft:leather":23,"minecraft:flint":5,"minecraft:tuff":86,"minecraft:oak_log":184,"minecraft:waxed_copper_block":2,"minecraft:gunpowder":1,"minecraft:dirt":192,"minecraft:bone":6,"minecraft:bow":1,"minecraft:wheat_seeds":15,"minecraft:raw_gold":8,"minecraft:stone_pickaxe":5,"minecraft:iron_ingot":10,"minecraft:iron_sword":5,"minecraft:oak_planks":454,"minecraft:oak_slab":10,"minecraft:dandelion":3,"minecraft:gravel":72,"minecraft:raw_iron_block":5,"minecraft:dripstone_block":9,"minecraft:white_bed":6,"minecraft:diamond":11,"minecraft:stone_axe":4,"minecraft:diamond_axe":1,"minecraft:granite":24,"minecraft:emerald":80,"minecraft:chainmail_helmet":1,"minecraft:oak_sapling":8,"minecraft:coal":77,"minecraft:diamond_pickaxe":2},"minecraft:crafted":{"minecraft:oak_planks":212,"minecraft:raw_iron":9,"minecraft:furnace":3,"minecraft:stone_pickaxe":3,"minecraft:cooked_beef":3,"minecraft:crafting_table":3,"minecraft:wooden_pickaxe":2,"minecraft:stone_axe":2,"minecraft:air":0,"minecraft:oak_boat":1,"minecraft:iron_chestplate":1,"minecraft:diamond_pickaxe":1,"minecraft:stick":40,"minecraft:iron_ingot":19,"minecraft:iron_pickaxe":1,"minecraft:wooden_axe":1,"minecraft:stone_sword":1,"minecraft:iron_leggings":1,"minecraft:torch":60},"minecraft:mined":{"minecraft:tuff":19,"minecraft:white_bed":5,"minecraft:deepslate_diamond_ore":4,"minecraft:granite":4,"minecraft:grass_block":14,"minecraft:tuff_bricks":2,"minecraft:raw_iron_block":3,"minecraft:iron_ore":6,"minecraft:andesite":36,"minecraft:pointed_dripstone":10,"minecraft:deepslate_iron_ore":78,"minecraft:stone":192,"minecraft:dandelion":2,"minecraft:crafting_table":5,"minecraft:torch":4,"minecraft:short_grass":31,"minecraft:tall_grass":8,"minecraft:cobblestone":9,"minecraft:deepslate_gold_ore":2,"minecraft:oak_planks":6,"minecraft:wall_torch":3,"minecraft:birch_leaves":3,"minecraft:waxed_copper_block":2,"minecraft:oak_log":186,"minecraft:coal_ore":42,"minecraft:gravel":11,"minecraft:dripstone_block":2,"minecraft:dirt":16,"minecraft:oak_leaves":43,"minecraft:deepslate":39},"minecraft:killed":{"minecraft:spider":2,"minecraft:skeleton":2,"minecraft:chicken":3,"minecraft:pig":2,"minecraft:creeper":1,"minecraft:sheep":4,"minecraft:trader_llama":2,"minecraft:zombie":5,"minecraft:cow":4},"minecraft:killed_by":{"minecraft:creeper":1,"minecraft:iron_golem":1,"minecraft:skeleton":4,"minecraft:zombie":3},"minecraft:dropped":{"minecraft:oak_slab":5,"minecraft:wheat_seeds":9,"minecraft:cobblestone":17,"minecraft:coal":26,"minecraft:emerald":48,"minecraft:dirt":10,"minecraft:torch":14,"minecraft:mutton":5,"minecraft:iron_pickaxe":2,"minecraft:string":1,"minecraft:dandelion":1,"minecraft:stone_axe":1,"minecraft:wheat":22,"minecraft:pointed_dripstone":37,"minecraft:raw_iron":55,"minecraft:rotten_flesh":2,"minecraft:oak_planks":18,"minecraft:white_bed":1,"minecraft:shield":1,"minecraft:gunpowder":1,"minecraft:wooden_pickaxe":1,"minecraft:stone_pickaxe":2,"minecraft:egg":1},"minecraft:custom":{"minecraft:mob_kills":25,"minecraft:interact_with_crafting_table":15,"minecraft:bell_ring":1,"minecraft:leave_game":4,"minecraft:time_since_death":17622,"minecraft:sprint_one_cm":310870,"minecraft:walk_one_cm":182421,"minecraft:drop":39,"minecraft:talked_to_villager":1,"minecraft:play_time":113276,"minecraft:deaths":9,"minecraft:sneak_time":1363,"minecraft:walk_under_water_one_cm":2036,"minecraft:boat_one_cm":33300,"minecraft:jump":2359,"minecraft:interact_with_blast_furnace":1,"minecraft:walk_on_water_one_cm":9594,"minecraft:total_world_time":113276,"minecraft:interact_with_furnace":10,"minecraft:sleep_in_bed":9,"minecraft:time_since_rest":6854,"minecraft:damage_taken":2823,"minecraft:damage_dealt":4664,"minecraft:swim_one_cm":5810,"minecraft:fly_one_cm":406119,"minecraft:open_chest":16,"minecraft:crouch_one_cm":3434,"minecraft:fall_one_cm":57167},"minecraft:broken":{"minecraft:stone_pickaxe":1}},"DataVersion":3953}