{"stats":{"minecraft:mined":{"minecraft:tuff":11,"minecraft:white_bed":3,"minecraft:crafting_table":5,"minecraft:torch":1,"minecraft:granite":4,"minecraft:short_grass":8,"minecraft:grass_block":10,"minecraft:tall_grass":2,"minecraft:cobblestone":9,"minecraft:oak_planks":4,"minecraft:wall_torch":1,"minecraft:iron_ore":6,"minecraft:andesite":36,"minecraft:oak_log":43,"minecraft:coal_ore":42,"minecraft:deepslate_iron_ore":4,"minecraft:dripstone_block":1,"minecraft:gravel":11,"minecraft:dirt":15,"minecraft:stone":191,"minecraft:deepslate":24,"minecraft:oak_leaves":6},"minecraft:broken":{"minecraft:stone_pickaxe":1},"minecraft:killed_by":{"minecraft:skeleton":1},"minecraft:used":{"minecraft:stone_sword":18,"minecraft:stone_pickaxe":313,"minecraft:oak_planks":11,"minecraft:wooden_pickaxe":34,"minecraft:iron_sword":3,"minecraft:torch":29,"minecraft:dirt":8,"minecraft:crafting_table":6,"minecraft:white_bed":3,"minecraft:wooden_axe":11,"minecraft:apple":7,"minecraft:iron_axe":1,"minecraft:stone_axe":47,"minecraft:cobblestone":20,"minecraft:furnace":1,"minecraft:egg":1,"minecraft:oak_boat":3,"minecraft:cooked_beef":2},"minecraft:custom":{"minecraft:interact_with_furnace":3,"minecraft:mob_kills":15,"minecraft:interact_with_crafting_table":11,"minecraft:bell_ring":1,"minecraft:leave_game":1,"minecraft:time_since_death":37416,"minecraft:sleep_in_bed":5,"minecraft:time_since_rest":0,"minecraft:sprint_one_cm":158332,"minecraft:damage_taken":357,"minecraft:walk_one_cm":94448,"minecraft:drop":29,"minecraft:damage_dealt":2276,"minecraft:swim_one_cm":5334,"minecraft:talked_to_villager":1,"minecraft:fly_one_cm":206677,"minecraft:open_chest":12,"minecraft:crouch_one_cm":2730,"minecraft:play_time":61469,"minecraft:deaths":1,"minecraft:sneak_time":1126,"minecraft:walk_under_water_one_cm":1268,"minecraft:boat_one_cm":33300,"minecraft:jump":1032,"minecraft:walk_on_water_one_cm":4063,"minecraft:total_world_time":61469,"minecraft:fall_one_cm":21290},"minecraft:dropped":{"minecraft:oak_slab":5,"minecraft:stone_axe":1,"minecraft:wheat_seeds":5,"minecraft:wheat":22,"minecraft:raw_iron":3,"minecraft:rotten_flesh":2,"minecraft:cobblestone":17,"minecraft:oak_planks":18,"minecraft:white_bed":1,"minecraft:coal":26,"minecraft:emerald":48,"minecraft:dirt":10,"minecraft:shield":1,"minecraft:gunpowder":1,"minecraft:torch":14,"minecraft:mutton":5,"minecraft:wooden_pickaxe":1,"minecraft:stone_pickaxe":2,"minecraft:iron_pickaxe":2,"minecraft:string":1,"minecraft:dandelion":1,"minecraft:egg":1},"minecraft:crafted":{"minecraft:cooked_beef":3,"minecraft:oak_planks":168,"minecraft:crafting_table":3,"minecraft:wooden_pickaxe":2,"minecraft:furnace":2,"minecraft:stone_axe":2,"minecraft:air":0,"minecraft:oak_boat":1,"minecraft:stick":40,"minecraft:stone_pickaxe":3,"minecraft:wooden_axe":1,"minecraft:stone_sword":1,"minecraft:torch":60},"minecraft:picked_up":{"minecraft:crafting_table":5,"minecraft:wheat":22,"minecraft:feather":3,"minecraft:chicken":3,"minecraft:andesite":36,"minecraft:leather":7,"minecraft:lead":2,"minecraft:wooden_pickaxe":1,"minecraft:flint":1,"minecraft:tuff":10,"minecraft:oak_log":42,"minecraft:shield":1,"minecraft:gunpowder":1,"minecraft:dirt":52,"minecraft:string":1,"minecraft:iron_axe":1,"minecraft:wheat_seeds":7,"minecraft:cobbled_deepslate":24,"minecraft:beef":12,"minecraft:stone_pickaxe":2,"minecraft:oak_boat":2,"minecraft:iron_pickaxe":2,"minecraft:iron_sword":1,"minecraft:oak_planks":50,"minecraft:egg":2,"minecraft:oak_slab":10,"minecraft:raw_iron":13,"minecraft:torch":16,"minecraft:dandelion":1,"minecraft:dripstone_block":1,"minecraft:gravel":10,"minecraft:white_bed":4,"minecraft:rotten_flesh":2,"minecraft:stone_axe":1,"minecraft:diamond_boots":1,"minecraft:granite":4,"minecraft:emerald":48,"minecraft:mutton":11,"minecraft:coal":77,"minecraft:white_wool":4,"minecraft:cobblestone":210},"minecraft:killed":{"minecraft:spider":1,"minecraft:creeper":1,"minecraft:sheep":4,"minecraft:trader_llama":2,"minecraft:chicken":3,"minecraft:cow":4}},"DataVersion":3953}